<?xml version="1.0" encoding="UTF-8"?>
<project-private xmlns="http://www.netbeans.org/ns/project-private/1">
    <editor-bookmarks xmlns="http://www.netbeans.org/ns/editor-bookmarks/2" lastBookmarkId="0"/>
    <open-files xmlns="http://www.netbeans.org/ns/projectui-open-files/2">
        <group>
            <file>file:/C:/Users/marth/OneDrive/Documentos/NetBeansProjects/Prueba1/src/java/CarritoServlet.java</file>
            <file>file:/C:/Users/marth/OneDrive/Documentos/NetBeansProjects/Prueba1/web/Factura.jsp</file>
            <file>file:/C:/Users/marth/OneDrive/Documentos/NetBeansProjects/Prueba1/src/java/CarritoDAO.java</file>
            <file>file:/C:/Users/marth/OneDrive/Documentos/NetBeansProjects/Prueba1/web/index2Adm.html</file>
            <file>file:/C:/Users/marth/OneDrive/Documentos/NetBeansProjects/Prueba1/web/index4Sup.html</file>
            <file>file:/C:/Users/marth/OneDrive/Documentos/NetBeansProjects/Prueba1/web/agregarCarrito.jsp</file>
            <file>file:/C:/Users/marth/OneDrive/Documentos/NetBeansProjects/Prueba1/src/java/miServlet2.java</file>
            <file>file:/C:/Users/marth/OneDrive/Documentos/NetBeansProjects/Prueba1/src/java/AdministradorDAO.java</file>
            <file>file:/C:/Users/marth/OneDrive/Documentos/NetBeansProjects/Prueba1/web/productos.jsp</file>
            <file>file:/C:/Users/marth/OneDrive/Documentos/NetBeansProjects/Prueba1/web/procesarPago.jsp</file>
            <file>file:/C:/Users/marth/OneDrive/Documentos/NetBeansProjects/Prueba1/web/index2Cli.html</file>
            <file>file:/C:/Users/marth/OneDrive/Documentos/NetBeansProjects/Prueba1/src/java/miServlet3.java</file>
            <file>file:/C:/Users/marth/OneDrive/Documentos/NetBeansProjects/Prueba1/web/index5Cli.html</file>
            <file>file:/C:/Users/marth/OneDrive/Documentos/NetBeansProjects/Prueba1/web/index_4.jsp</file>
            <file>file:/C:/Users/marth/OneDrive/Documentos/NetBeansProjects/Prueba1/src/java/PagoServlet.java</file>
            <file>file:/C:/Users/marth/OneDrive/Documentos/NetBeansProjects/Prueba1/src/java/ConexionBD.java</file>
            <file>file:/C:/Users/marth/OneDrive/Documentos/NetBeansProjects/Prueba1/src/java/RegistroCliServlet.java</file>
            <file>file:/C:/Users/marth/OneDrive/Documentos/NetBeansProjects/Prueba1/src/java/Producto.java</file>
            <file>file:/C:/Users/marth/OneDrive/Documentos/NetBeansProjects/Prueba1/src/java/CarritoItem.java</file>
            <file>file:/C:/Users/marth/OneDrive/Documentos/NetBeansProjects/Prueba1/src/java/RegistroSupServlet.java</file>
            <file>file:/C:/Users/marth/OneDrive/Documentos/NetBeansProjects/Prueba1/web/index3Sup.html</file>
            <file>file:/C:/Users/marth/OneDrive/Documentos/NetBeansProjects/Prueba1/src/java/ProductoDAO.java</file>
            <file>file:/C:/Users/marth/OneDrive/Documentos/NetBeansProjects/Prueba1/web/index1Cli.html</file>
            <file>file:/C:/Users/marth/OneDrive/Documentos/NetBeansProjects/Prueba1/src/java/SupermercadoDAO.java</file>
            <file>file:/C:/Users/marth/OneDrive/Documentos/NetBeansProjects/Prueba1/web/index4Cli.html</file>
            <file>file:/C:/Users/marth/OneDrive/Documentos/NetBeansProjects/Prueba1/web/index2Sup.html</file>
            <file>file:/C:/Users/marth/OneDrive/Documentos/NetBeansProjects/Prueba1/src/java/ClienteDAO.java</file>
            <file>file:/C:/Users/marth/OneDrive/Documentos/NetBeansProjects/Prueba1/web/index3Cli.html</file>
            <file>file:/C:/Users/marth/OneDrive/Documentos/NetBeansProjects/Prueba1/src/java/RegistroAdmServlet.java</file>
            <file>file:/C:/Users/marth/OneDrive/Documentos/NetBeansProjects/Prueba1/web/index.html</file>
        </group>
    </open-files>
</project-private>
